{
  "pima-indians-diabetes": {
    "XGBClassifier": [
      0.712124680874681,
      0.7356458078137115,
      0.7266540424201297,
      0.7269362944922032,
      0.7440129460248368,
      0.7211259394688725,
      0.7370896032831737,
      0.7373932984523294,
      0.7096578369444223,
      0.7272873750172811
    ],
    "RandomForestClassifier": [
      0.7447270471464019,
      0.7664447547918312,
      0.7686121323529411,
      0.7428569581846509,
      0.7681477864583334,
      0.7349652194766492,
      0.7560807642615378,
      0.7392735836672281,
      0.742408376232018,
      0.7558928451878844
    ],
    "AdaBoostClassifier": [
      0.710163312577366,
      0.7452124597729066,
      0.7235336838567176,
      0.7365220265586669,
      0.7609985353723075,
      0.7487284392722012,
      0.7052331777854591,
      0.7211259394688725,
      0.7201213836106269,
      0.7256496553346792
    ],
    "GradientBoostingClassifier": [
      0.7452244161832514,
      0.7249648303516392,
      0.7243594454242602,
      0.7465111945673656,
      0.7595523689273689,
      0.7387213149146065,
      0.7373895583906817,
      0.726549870627377,
      0.7380593943093943,
      0.7405098856836063
    ],
    "RandomForestClassifier + SMOTE": [
      0.7353518336750046,
      0.777463937991446,
      0.7552083333333334,
      0.7321931657484152,
      0.752604850713598,
      0.728576499184012,
      0.7428748990510802,
      0.7237630096889379,
      0.7114631427243473,
      0.7606018635497285
    ],
    "RandomForestClassifier + ENN": [
      0.6544421470087558,
      0.7221985670348559,
      0.7451387172940175,
      0.6721590680859612,
      0.6840341546780939,
      0.7167299312087839,
      0.7249810788495941,
      0.6438525967922929,
      0.6441099076463398,
      0.7119421410226764
    ]
  },
  "german": {
    "XGBClassifier": [
      0.7559797529169527,
      0.7522245322245322,
      0.7555287864012697,
      0.7377312491036855,
      0.7350380517503806,
      0.7263802971613574,
      0.7074016076834744,
      0.7141567398119122,
      0.7497465076412444,
      0.7360209696951118
    ],
    "RandomForestClassifier": [
      0.7654957585871227,
      0.7445592846359308,
      0.7278329513623631,
      0.719961821652577,
      0.7317691183846138,
      0.746451708133108,
      0.7349693111682273,
      0.7473653309848819,
      0.731038291605302,
      0.7405907817672523
    ],
    "AdaBoostClassifier": [
      0.7240835696044721,
      0.6984705723744326,
      0.7280680104209517,
      0.7350380517503806,
      0.7299091554937498,
      0.7483244597557156,
      0.7228274428274428,
      0.6941859775973448,
      0.7177709521720051,
      0.7332241332241333
    ],
    "GradientBoostingClassifier": [
      0.7482578726854981,
      0.7499060606700302,
      0.7371126591400432,
      0.7482666666666666,
      0.7563914027149321,
      0.7446743479921979,
      0.7453310276679842,
      0.7301606720495881,
      0.7629022465088039,
      0.754160106817593
    ],
    "RandomForestClassifier + SMOTE": [
      0.7552664749195782,
      0.7524658911933813,
      0.7409633998790078,
      0.741247467563257,
      0.7643631939985808,
      0.7401953164599737,
      0.7354901623357999,
      0.7487678807548984,
      0.754650301555391,
      0.724
    ],
    "RandomForestClassifier + ENN": [
      0.7065065574396092,
      0.7120499181669394,
      0.6741376728398143,
      0.6557340153452685,
      0.702884983528204,
      0.6793415353480509,
      0.6205080053746903,
      0.6757277180817389,
      0.6912323167351498,
      0.6598820966610464
    ]
  },
  "ecoli": {
    "XGBClassifier": [
      0.8338013045137564,
      0.8516132726686608,
      0.847380767801526,
      0.9022448211825668,
      0.826583165021509,
      0.8283535068811142,
      0.8471009979976982,
      0.8583947298702358,
      0.8523095322158978,
      0.8220267803400544
    ],
    "RandomForestClassifier": [
      0.8576816377419609,
      0.8888665011434059,
      0.8617478679022281,
      0.8821828770973104,
      0.7970474126777084,
      0.8417284191316208,
      0.84511630532972,
      0.8376826733217397,
      0.8753418504326543,
      0.8501746274515259
    ],
    "AdaBoostClassifier": [
      0.24629093748564604,
      0.5358245358639397,
      0.7140631120177673,
      0.5339507592527643,
      0.5230044345898005,
      0.38381667229732486,
      0.5237675142708874,
      0.6585964457501656,
      0.20248257839721254,
      0.5348401679044237
    ],
    "GradientBoostingClassifier": [
      0.83265773699267,
      0.8316371520343984,
      0.8205584047662372,
      0.8579687721997136,
      0.7974419852358436,
      0.8689923131640923,
      0.8449455387089279,
      0.821940397582364,
      0.8389158168211254,
      0.8079805840117414
    ],
    "RandomForestClassifier + SMOTE": [
      0.8708905534303337,
      0.8845776105386746,
      0.8702760653980167,
      0.882924335378323,
      0.8092131029021951,
      0.8953672524870457,
      0.8464666408568848,
      0.8584168617053756,
      0.8655584394200201,
      0.856386008014045
    ],
    "RandomForestClassifier + ENN": [
      0.7844545729904373,
      0.8299869075928223,
      0.8326335302303738,
      0.8605222093865408,
      0.8407558760021051,
      0.7671338570580065,
      0.873034877432169,
      0.8495590230865923,
      0.8668597560975609,
      0.8277332499184643
    ]
  },
  "new-thyroid": {
    "XGBClassifier": [
      0.9420893145644427,
      0.9618913969916545,
      0.9626168224299065,
      0.942704893073806,
      0.9526616399057206,
      0.9527020673535457,
      0.9445847716875754,
      0.9607722577471717,
      0.9621952076452814,
      0.9434151282169329
    ],
    "RandomForestClassifier": [
      0.9520005168181231,
      0.9357570978915567,
      0.9526532243090482,
      0.9419153202921033,
      0.971428333440428,
      0.9623162910023821,
      0.9431093309597983,
      0.9623162910023821,
      0.9811286448623829,
      0.9427781934219827
    ],
    "AdaBoostClassifier": [
      0.9427342517295789,
      0.7214782311374515,
      0.7262314665167592,
      0.7347960953926592,
      0.6175602557796359,
      0.7391059565364261,
      0.7103710821789279,
      0.943476854770192,
      0.7598259875758078,
      0.6785187267233505
    ],
    "GradientBoostingClassifier": [
      0.9329428485292219,
      0.9723194674312293,
      0.9538045337651748,
      0.9082383817692997,
      0.9718943214534962,
      0.9057651317366024,
      0.9235300088226799,
      0.9617423557248699,
      0.9529423565743896,
      0.9438207140430795
    ],
    "RandomForestClassifier + SMOTE": [
      0.9518829765852678,
      0.9811383760723108,
      0.9626168224299065,
      0.9521775907243506,
      0.9540686283009381,
      0.9907731558104098,
      0.9315863417017899,
      0.9524607966150331,
      0.971428333440428,
      0.9719935460923446
    ],
    "RandomForestClassifier + ENN": [
      0.8902902449014246,
      0.9164698230118791,
      0.8718034031310383,
      0.9510254329385719,
      0.9215404719265825,
      0.808342964263939,
      0.9032658929855194,
      0.9410453326563318,
      0.8787458409187435,
      0.8889785546113612
    ]
  },
  "porto-seguro-safe-driver-prediction": {
    "XGBClassifier": [
      0.7763887043639439,
      0.7763863074026542,
      0.7763882408531805,
      0.7763984653131882,
      0.7763980318534276,
      0.7763934540686894,
      0.7763705601838593,
      0.7764140074995559,
      0.7763870339376894,
      0.7763951244895252
    ],
    "RandomForestClassifier": [
      0.7763844429381308,
      0.7764037891953683,
      0.7763811059405492,
      0.7763875241099955,
      0.7763844429381308,
      0.7763891926063,
      0.7763909071236946,
      0.7763875241099955,
      0.7763844429381308,
      0.7763891926063
    ],